Date,Number of new infections,Deaths,CDeaths,Recovered,CRecovered,Dose 2,CVaccine,CReinfection,ReRecovered,CReRecovered
28-Feb-20,1,0,0,0,0,0,0,0,0,0
29-Feb-20,2,0,0,0,0,0,0,0,0,0
1-Mar-20,4,0,0,0,0,0,0,0,0,0
2-Mar-20,1,0,0,0,0,0,0,0,0,0
3-Mar-20,1,0,0,0,0,0,0,0,0,0
4-Mar-20,1,0,0,0,0,0,0,0,0,0
5-Mar-20,2,0,0,0,0,0,0,0,0,0
6-Mar-20,4,0,0,1,1,0,0,0,0,0
7-Mar-20,8,0,0,2,3,0,0,0,0,0
8-Mar-20,24,0,0,4,7,0,0,0,0,0
9-Mar-20,182,0,0,1,8,0,0,0,0,0
10-Mar-20,103,0,0,1,9,0,0,0,0,0
11-Mar-20,64,1,1,1,10,0,0,0,0,0
12-Mar-20,36,0,1,2,12,0,0,0,0,0
13-Mar-20,30,0,1,4,16,0,0,0,0,0
14-Mar-20,26,0,1,8,24,0,0,0,0,0
15-Mar-20,15,0,1,24,48,0,0,0,0,0
16-Mar-20,38,0,1,182,230,0,0,0,0,0
17-Mar-20,17,1,2,103,333,0,0,0,0,0
18-Mar-20,39,0,2,63,396,0,0,0,0,0
19-Mar-20,25,0,2,36,432,0,0,0,0,0
20-Mar-20,10,0,2,30,462,0,0,0,0,0
21-Mar-20,37,1,3,26,488,0,0,0,0,0
22-Mar-20,62,0,3,15,503,0,0,0,0,0
23-Mar-20,43,2,5,38,541,0,0,0,0,0
24-Mar-20,41,1,6,16,557,0,0,0,0,0
25-Mar-20,68,0,6,39,596,0,0,0,0,0
26-Mar-20,67,0,6,25,621,0,0,0,0,0
27-Mar-20,89,0,6,10,631,0,0,0,0,0
28-Mar-20,81,1,7,36,667,0,0,0,0,0
29-Mar-20,85,0,7,62,729,0,0,0,0,0
30-Mar-20,87,0,7,41,770,0,0,0,0,0
31-Mar-20,145,1,8,40,810,0,0,0,0,0
1-Apr-20,164,0,8,68,878,0,0,0,0,0
2-Apr-20,187,1,9,67,945,0,0,0,0,0
3-Apr-20,100,0,9,89,1034,0,0,0,0,0
4-Apr-20,92,0,9,80,1114,0,0,0,0,0
5-Apr-20,89,0,9,85,1199,0,0,0,0,0
6-Apr-20,82,1,10,87,1286,0,0,0,0,0
7-Apr-20,177,0,10,144,1430,0,0,0,0,0
8-Apr-20,135,0,10,164,1594,0,0,0,0,0
9-Apr-20,239,0,10,186,1780,0,0,0,0,0
10-Apr-20,258,0,10,100,1880,0,0,0,0,0
11-Apr-20,189,2,12,92,1972,0,0,0,0,0
12-Apr-20,224,0,12,89,2061,0,0,0,0,0
13-Apr-20,451,0,12,81,2142,0,0,0,0,0
14-Apr-20,330,0,12,177,2319,0,0,0,0,0
15-Apr-20,569,0,12,135,2454,0,0,0,0,0
16-Apr-20,302,1,13,239,2693,0,0,0,0,0
17-Apr-20,474,0,13,258,2951,0,0,0,0,0
18-Apr-20,460,1,14,187,3138,0,0,0,0,0
19-Apr-20,585,2,16,224,3362,0,0,0,0,0
20-Apr-20,722,0,16,451,3813,0,0,0,0,0
21-Apr-20,932,0,16,330,4143,0,0,0,0,0
22-Apr-20,632,1,17,569,4712,0,0,0,0,0
23-Apr-20,672,0,17,301,5013,0,0,0,0,0
24-Apr-20,670,1,18,474,5487,0,0,0,0,0
25-Apr-20,772,1,19,459,5946,0,0,0,0,0
26-Apr-20,709,0,19,583,6529,0,0,0,0,0
27-Apr-20,667,1,20,722,7251,0,0,0,0,0
28-Apr-20,733,1,21,932,8183,0,0,0,0,0
29-Apr-20,727,1,22,631,8814,0,0,0,0,0
30-Apr-20,715,1,23,672,9486,0,0,0,0,0
1-May-20,631,2,25,669,10155,0,0,0,0,0
2-May-20,812,1,26,771,10926,0,0,0,0,0
3-May-20,883,2,28,709,11635,0,0,0,0,0
4-May-20,775,3,31,666,12301,0,0,0,0,0
5-May-20,834,0,31,732,13033,0,0,0,0,0
6-May-20,1160,1,32,726,13759,0,0,0,0,0
7-May-20,1249,0,32,714,14473,0,0,0,0,0
8-May-20,1122,0,32,629,15102,0,0,0,0,0
9-May-20,1155,2,34,811,15913,0,0,0,0,0
10-May-20,1295,1,35,881,16794,0,0,0,0,0
11-May-20,1365,2,37,772,17566,0,0,0,0,0
12-May-20,1772,5,42,834,18400,0,0,0,0,0
13-May-20,1329,2,44,1159,19559,0,0,0,0,0
14-May-20,1419,5,49,1249,20808,0,0,0,0,0
15-May-20,1532,6,55,1122,21930,0,0,0,0,0
16-May-20,1597,5,60,1153,23083,0,0,0,0,0
17-May-20,1517,3,63,1294,24377,0,0,0,0,0
18-May-20,1567,4,67,1363,25740,0,0,0,0,0
19-May-20,1508,6,73,1767,27507,0,0,0,0,0
20-May-20,1950,5,78,1327,28834,0,0,0,0,0
21-May-20,1511,5,83,1414,30248,0,0,0,0,0
22-May-20,1539,6,89,1526,31774,0,0,0,0,0
23-May-20,1820,5,94,1592,33366,0,0,0,0,0
24-May-20,1660,4,98,1514,34880,0,0,0,0,0
25-May-20,1691,5,103,1563,36443,0,0,0,0,0
26-May-20,1893,3,106,1502,37945,0,0,0,0,0
27-May-20,1959,5,111,1945,39890,0,0,0,0,0
28-May-20,2026,4,115,1506,41396,0,0,0,0,0
29-May-20,2001,1,116,1533,42929,0,0,0,0,0
30-May-20,1704,2,118,1815,44744,0,0,0,0,0
31-May-20,1827,3,121,1656,46400,0,0,0,0,0
1-Jun-20,1822,6,127,1686,48086,0,0,0,0,0
2-Jun-20,1751,0,127,1890,49976,0,0,0,0,0
3-Jun-20,1509,3,130,1954,51930,0,0,0,0,0
4-Jun-20,1809,3,133,2022,53952,0,0,0,0,0
5-Jun-20,1393,6,139,2000,55952,0,0,0,0,0
6-Jun-20,1590,1,140,1702,57654,0,0,0,0,0
7-Jun-20,1662,2,142,1824,59478,0,0,0,0,0
8-Jun-20,1580,6,148,1816,61294,0,0,0,0,0
9-Jun-20,1777,1,149,1751,63045,0,0,0,0,0
10-Jun-20,1423,2,151,1506,64551,0,0,0,0,0
11-Jun-20,1688,2,153,1806,66357,0,0,0,0,0
12-Jun-20,1301,0,153,1387,67744,0,0,0,0,0
13-Jun-20,1563,2,155,1589,69333,0,0,0,0,0
14-Jun-20,1599,2,157,1660,70993,0,0,0,0,0
15-Jun-20,1464,5,162,1574,72567,0,0,0,0,0
16-Jun-20,1382,2,164,1776,74343,0,0,0,0,0
17-Jun-20,1647,2,166,1421,75764,0,0,0,0,0
18-Jun-20,1379,2,168,1686,77450,0,0,0,0,0
19-Jun-20,1149,1,169,1301,78751,0,0,0,0,0
20-Jun-20,1342,1,170,1561,80312,0,0,0,0,0
21-Jun-20,1401,2,172,1597,81909,0,0,0,0,0
22-Jun-20,1407,3,175,1459,83368,0,0,0,0,0
23-Jun-20,1698,3,178,1380,84748,0,0,1,0,0
24-Jun-20,1744,4,182,1645,86393,0,0,0,0,0
25-Jun-20,1373,2,184,1377,87770,0,0,0,0,0
26-Jun-20,992,0,184,1148,88918,0,0,0,0,0
27-Jun-20,1146,0,184,1341,90259,0,0,1,0,0
28-Jun-20,1210,0,184,1399,91658,0,0,1,0,0
29-Jun-20,1346,1,185,1404,93062,0,0,0,0,0
30-Jun-20,1389,1,186,1695,94757,0,0,0,1,1
1-Jul-20,1218,4,190,1740,96497,0,0,0,0,1
2-Jul-20,974,1,191,1371,97868,0,0,0,0,1
3-Jul-20,805,0,191,992,98860,0,0,0,0,1
4-Jul-20,934,1,192,1146,100006,0,0,0,1,2
5-Jul-20,802,1,193,1210,101216,0,0,0,1,3
6-Jul-20,871,1,194,1345,102561,0,0,0,0,3
7-Jul-20,830,2,196,1388,103949,0,0,0,0,3
8-Jul-20,865,2,198,1214,105163,0,0,0,0,3
9-Jul-20,958,2,200,973,106136,0,0,1,0,3
10-Jul-20,651,0,200,805,106941,0,0,1,0,3
11-Jul-20,778,0,200,933,107874,0,0,0,0,3
12-Jul-20,753,1,201,801,108675,0,0,1,0,3
13-Jul-20,785,1,202,870,109545,0,0,1,0,3
14-Jul-20,724,0,202,828,110373,0,0,1,0,3
15-Jul-20,670,2,204,863,111236,0,0,1,0,3
16-Jul-20,728,0,204,956,112192,0,0,1,1,4
17-Jul-20,513,0,204,651,112843,0,0,0,1,5
18-Jul-20,589,0,204,778,113621,0,0,0,0,5
19-Jul-20,709,1,205,752,114373,0,0,0,1,6
20-Jul-20,715,1,206,784,115157,0,0,1,1,7
21-Jul-20,654,0,206,724,115881,0,0,2,1,8
22-Jul-20,647,0,206,668,116549,0,0,0,1,9
23-Jul-20,709,0,206,728,117277,0,0,3,1,10
24-Jul-20,514,1,207,513,117790,0,0,0,0,10
25-Jul-20,515,0,207,589,118379,0,0,0,0,10
26-Jul-20,622,0,207,708,119087,0,0,5,0,10
27-Jul-20,627,0,207,714,119801,0,0,1,1,11
28-Jul-20,569,0,207,654,120455,0,0,0,2,13
29-Jul-20,666,0,207,647,121102,0,0,1,0,13
30-Jul-20,404,0,207,709,121811,0,0,0,3,16
31-Jul-20,383,0,207,513,122324,0,0,0,0,16
1-Aug-20,401,0,207,515,122839,0,0,0,0,16
2-Aug-20,401,0,207,622,123461,0,0,4,5,21
3-Aug-20,537,0,207,627,124088,0,0,4,1,22
4-Aug-20,573,0,207,569,124657,0,0,0,0,22
5-Aug-20,628,2,209,666,125323,0,0,0,1,23
6-Aug-20,625,1,210,404,125727,0,0,1,0,23
7-Aug-20,612,1,211,383,126110,0,0,1,0,23
8-Aug-20,593,0,211,401,126511,0,0,3,0,23
9-Aug-20,786,0,211,401,126912,0,0,0,4,27
10-Aug-20,709,1,212,537,127449,0,0,1,4,31
11-Aug-20,664,0,212,573,128022,0,0,4,0,31
12-Aug-20,762,0,212,626,128648,0,0,2,0,31
13-Aug-20,622,0,212,624,129272,0,0,3,1,32
14-Aug-20,568,0,212,611,129883,0,0,1,1,33
15-Aug-20,655,1,213,593,130476,0,0,0,3,36
16-Aug-20,614,0,213,786,131262,0,0,0,0,36
17-Aug-20,598,0,213,708,131970,0,0,0,1,37
18-Aug-20,575,1,214,664,132634,0,0,2,4,41
19-Aug-20,485,0,214,762,133396,0,0,0,2,43
20-Aug-20,546,1,215,622,134018,0,0,6,3,46
21-Aug-20,442,0,215,568,134586,0,0,1,1,47
22-Aug-20,563,0,215,654,135240,0,0,1,0,47
23-Aug-20,530,0,215,614,135854,0,0,0,0,47
24-Aug-20,570,0,215,598,136452,0,0,3,0,47
25-Aug-20,621,1,216,574,137026,0,0,1,2,49
26-Aug-20,563,0,216,485,137511,0,0,0,0,49
27-Aug-20,469,0,216,545,138056,0,0,0,6,55
28-Aug-20,380,0,216,442,138498,0,0,2,1,56
29-Aug-20,456,0,216,563,139061,0,0,2,1,57
30-Aug-20,469,0,216,530,139591,0,0,2,0,57
31-Aug-20,507,1,217,570,140161,0,0,2,3,60
1-Sep-20,473,1,218,620,140781,0,0,5,1,61
2-Sep-20,484,1,219,563,141344,0,0,1,0,61
3-Sep-20,450,0,219,469,141813,0,0,3,0,61
4-Sep-20,487,0,219,380,142193,0,0,2,2,63
5-Sep-20,505,1,220,456,142649,0,0,1,2,65
6-Sep-20,648,0,220,469,143118,0,0,2,2,67
7-Sep-20,597,0,220,506,143624,0,0,2,2,69
8-Sep-20,641,0,220,472,144096,0,0,3,5,74
9-Sep-20,560,2,222,483,144579,0,0,2,1,75
10-Sep-20,558,0,222,450,145029,0,0,3,3,78
11-Sep-20,418,0,222,487,145516,0,0,3,2,80
12-Sep-20,555,0,222,504,146020,0,0,3,1,81
13-Sep-20,509,0,222,648,146668,0,0,3,2,83
14-Sep-20,560,2,224,597,147265,0,0,5,2,85
15-Sep-20,540,1,225,641,147906,0,0,6,3,88
16-Sep-20,575,0,225,558,148464,0,0,2,2,90
17-Sep-20,549,2,227,558,149022,0,0,3,3,93
18-Sep-20,409,1,228,418,149440,0,0,1,3,96
19-Sep-20,429,1,229,555,149995,0,0,1,3,99
20-Sep-20,602,0,229,509,150504,0,0,4,3,102
21-Sep-20,592,1,230,558,151062,0,0,4,5,107
22-Sep-20,540,0,230,539,151601,0,0,4,6,113
23-Sep-20,456,3,233,575,152176,0,0,8,2,115
24-Sep-20,428,0,233,547,152723,0,0,1,3,118
25-Sep-20,399,1,234,408,153131,0,0,4,1,119
26-Sep-20,435,0,234,428,153559,0,0,3,1,120
27-Sep-20,446,0,234,602,154161,0,0,5,4,124
28-Sep-20,500,0,234,591,154752,0,0,6,4,128
29-Sep-20,494,1,235,540,155292,0,0,5,4,132
30-Sep-20,441,2,237,453,155745,0,0,4,8,140
1-Oct-20,418,0,237,428,156173,0,0,5,1,141
2-Oct-20,339,0,237,398,156571,0,0,1,4,145
3-Oct-20,375,0,237,435,157006,0,0,1,3,148
4-Oct-20,524,0,237,446,157452,0,0,5,5,153
5-Oct-20,534,0,237,500,157952,0,0,7,6,159
6-Oct-20,570,0,237,493,158445,0,0,2,5,164
7-Oct-20,435,0,237,439,158884,0,0,3,4,168
8-Oct-20,469,1,238,418,159302,0,0,5,5,173
9-Oct-20,303,1,239,339,159641,0,0,1,1,174
10-Oct-20,476,0,239,375,160016,0,0,0,1,175
11-Oct-20,460,0,239,524,160540,0,0,7,5,180
12-Oct-20,455,0,239,534,161074,0,0,1,7,187
13-Oct-20,421,0,239,570,161644,0,0,7,2,189
14-Oct-20,401,0,239,435,162079,0,0,3,3,192
15-Oct-20,399,0,239,468,162547,0,0,4,5,197
16-Oct-20,388,0,239,302,162849,0,0,1,1,198
17-Oct-20,401,0,239,476,163325,0,0,0,0,198
18-Oct-20,542,0,239,460,163785,0,0,2,7,205
19-Oct-20,412,0,239,455,164240,0,0,0,1,206
20-Oct-20,518,0,239,421,164661,0,0,5,7,213
21-Oct-20,468,0,239,401,165062,0,0,1,3,216
22-Oct-20,447,0,239,399,165461,0,0,7,4,220
23-Oct-20,240,0,239,388,165849,0,0,1,1,221
24-Oct-20,333,0,239,401,166250,0,0,3,0,221
25-Oct-20,420,0,239,542,166792,0,0,0,2,223
26-Oct-20,482,1,240,412,167204,0,0,2,0,223
27-Oct-20,362,0,240,518,167722,0,0,3,5,228
28-Oct-20,382,0,240,468,168190,0,0,2,1,229
29-Oct-20,313,0,240,447,168637,0,0,0,7,236
30-Oct-20,233,0,240,240,168877,0,0,0,1,237
31-Oct-20,223,0,240,333,169210,0,0,2,3,240
1-Nov-20,341,0,240,420,169630,0,0,3,0,240
2-Nov-20,381,1,241,481,170111,0,0,1,2,242
3-Nov-20,236,0,241,362,170473,0,0,1,3,245
4-Nov-20,285,1,242,382,170855,0,0,1,2,247
5-Nov-20,285,0,242,313,171168,0,0,1,0,247
6-Nov-20,225,0,242,233,171401,0,0,1,0,247
7-Nov-20,259,0,242,223,171624,0,0,1,2,249
8-Nov-20,325,0,242,341,171965,0,0,3,3,252
9-Nov-20,292,0,242,380,172345,0,0,0,1,253
10-Nov-20,342,0,242,236,172581,0,0,2,1,254
11-Nov-20,316,0,242,284,172865,0,0,4,1,255
12-Nov-20,319,1,243,285,173150,0,0,0,1,256
13-Nov-20,232,0,243,225,173375,0,0,2,1,257
14-Nov-20,334,0,243,259,173634,0,0,0,1,258
15-Nov-20,287,0,243,325,173959,0,0,3,3,261
16-Nov-20,269,1,244,292,174251,0,0,0,0,261
17-Nov-20,280,0,244,342,174593,0,0,3,2,263
18-Nov-20,282,0,244,316,174909,0,0,2,4,267
19-Nov-20,289,0,244,318,175227,0,0,1,0,267
20-Nov-20,195,0,244,232,175459,0,0,0,2,269
21-Nov-20,242,0,244,334,175793,0,0,2,0,269
22-Nov-20,278,0,244,287,176080,0,0,2,3,272
23-Nov-20,264,0,244,268,176348,0,0,1,0,272
24-Nov-20,275,0,244,280,176628,0,0,0,3,275
25-Nov-20,234,0,244,282,176910,0,0,0,2,277
26-Nov-20,307,0,244,289,177199,0,0,1,1,278
27-Nov-20,211,0,244,195,177394,0,0,0,0,278
28-Nov-20,246,1,245,242,177636,0,0,0,2,280
29-Nov-20,258,1,246,278,177914,0,0,1,2,282
30-Nov-20,334,0,246,264,178178,0,0,1,1,283
1-Dec-20,270,0,246,275,178453,0,0,2,0,283
2-Dec-20,174,0,246,234,178687,0,0,1,0,283
3-Dec-20,262,0,246,307,178994,0,0,2,1,284
4-Dec-20,197,0,246,211,179205,0,0,2,0,284
5-Dec-20,185,0,246,245,179450,0,0,1,0,284
6-Dec-20,246,0,246,257,179707,0,0,1,1,285
7-Dec-20,297,0,246,334,180041,0,0,4,1,286
8-Dec-20,340,0,246,270,180311,0,0,0,2,288
9-Dec-20,231,1,247,174,180485,0,0,1,1,289
10-Dec-20,243,0,247,262,180747,0,0,0,2,291
11-Dec-20,142,0,247,197,180944,0,0,1,2,293
12-Dec-20,227,0,247,185,181129,0,0,2,1,294
13-Dec-20,225,0,247,246,181375,0,0,2,1,295
14-Dec-20,183,0,247,297,181672,0,0,1,4,299
15-Dec-20,202,0,247,340,182012,0,0,3,0,299
16-Dec-20,176,0,247,230,182242,0,0,0,1,300
17-Dec-20,252,0,247,243,182485,0,0,3,0,300
18-Dec-20,128,0,247,142,182627,0,0,0,1,301
19-Dec-20,191,0,247,227,182854,0,0,1,2,303
20-Dec-20,256,0,247,225,183079,0,0,4,2,305
21-Dec-20,222,1,248,183,183262,0,0,2,1,306
22-Dec-20,279,0,248,202,183464,0,0,5,3,309
23-Dec-20,259,0,248,176,183640,0,0,0,0,309
24-Dec-20,285,0,248,252,183892,0,0,0,3,312
25-Dec-20,164,0,248,128,184020,0,0,0,0,312
26-Dec-20,295,0,248,191,184211,0,0,2,1,313
27-Dec-20,278,0,248,256,184467,0,0,4,4,317
28-Dec-20,285,0,248,221,184688,0,0,2,2,319
29-Dec-20,472,0,248,279,184967,0,0,2,5,324
30-Dec-20,433,0,248,259,185226,0,0,0,0,324
31-Dec-20,255,0,248,285,185511,1,1,2,0,324
1-Jan-21,272,0,248,164,185675,0,1,0,0,324
2-Jan-21,323,0,248,295,185970,0,1,1,2,326
3-Jan-21,324,0,248,278,186248,0,1,3,4,330
4-Jan-21,430,0,248,285,186533,0,1,1,2,332
5-Jan-21,364,0,248,472,187005,2,3,4,2,334
6-Jan-21,310,0,248,433,187438,0,3,0,0,334
7-Jan-21,358,0,248,255,187693,4,7,0,2,336
8-Jan-21,234,0,248,272,187965,2,9,3,0,336
9-Jan-21,331,0,248,323,188288,1,10,3,1,337
10-Jan-21,408,0,248,324,188612,2,12,0,3,340
11-Jan-21,316,1,249,430,189042,1,13,2,1,341
12-Jan-21,333,0,249,364,189406,111,124,5,4,345
13-Jan-21,290,0,249,310,189716,316,440,2,0,345
14-Jan-21,352,0,249,358,190074,333,773,2,0,345
15-Jan-21,222,0,249,234,190308,283,1056,0,3,348
16-Jan-21,413,0,249,331,190639,471,1527,5,3,351
17-Jan-21,384,0,249,408,191047,741,2268,1,0,351
18-Jan-21,613,0,249,315,191362,777,3045,3,2,353
19-Jan-21,499,0,249,333,191695,933,3978,4,5,358
20-Jan-21,567,0,249,290,191985,948,4926,10,2,360
21-Jan-21,433,0,249,352,192337,714,5640,3,2,362
22-Jan-21,386,0,249,222,192559,270,5910,3,0,362
23-Jan-21,468,1,250,413,192972,462,6372,5,5,367
24-Jan-21,537,1,251,384,193356,940,7312,4,1,368
25-Jan-21,579,1,252,613,193969,1066,8378,3,3,371
26-Jan-21,600,0,252,499,194468,1170,9548,3,4,375
27-Jan-21,551,1,253,567,195035,1248,10796,8,10,385
28-Jan-21,686,2,255,433,195468,1239,12035,5,3,388
29-Jan-21,469,1,256,386,195854,550,12585,2,3,391
30-Jan-21,593,0,256,467,196321,886,13471,4,5,396
31-Jan-21,731,1,257,536,196857,1575,15046,3,4,400
1-Feb-21,690,1,258,578,197435,2102,17148,5,3,403
2-Feb-21,796,1,259,600,198035,1904,19052,4,3,406
3-Feb-21,756,0,259,550,198585,1816,20868,5,8,414
4-Feb-21,822,0,259,684,199269,1791,22659,7,5,419
5-Feb-21,643,0,259,468,199737,989,23648,4,2,421
6-Feb-21,746,2,261,593,200330,991,24639,9,4,425
7-Feb-21,1006,3,264,730,201060,1958,26597,2,3,428
8-Feb-21,971,0,264,689,201749,2032,28629,9,5,433
9-Feb-21,792,0,264,795,202544,1763,30392,5,4,437
10-Feb-21,1236,0,264,756,203300,2411,32803,8,5,442
11-Feb-21,981,0,264,822,204122,2192,34995,4,7,449
12-Feb-21,695,0,264,643,204765,1373,36368,5,4,453
13-Feb-21,1000,0,264,744,205509,1360,37728,8,9,462
14-Feb-21,918,1,265,1003,206512,2223,39951,10,2,464
15-Feb-21,992,2,267,971,207483,2341,42292,8,9,473
16-Feb-21,1010,0,267,792,208275,2263,44555,7,5,478
17-Feb-21,1020,1,268,1236,209511,2051,46606,6,8,486
18-Feb-21,871,0,268,981,210492,2105,48711,1,4,490
19-Feb-21,681,3,271,695,211187,1376,50087,13,5,495
20-Feb-21,849,0,271,1000,212187,1336,51423,6,8,503
21-Feb-21,1004,1,272,917,213104,2317,53740,7,10,513
22-Feb-21,981,0,272,990,214094,2285,56025,3,8,521
23-Feb-21,1123,2,274,1010,215104,2207,58232,8,7,528
24-Feb-21,1110,0,274,1019,216123,2426,60658,11,6,534
25-Feb-21,1109,0,274,871,216994,2550,63208,13,1,535
26-Feb-21,890,0,274,678,217672,1563,64771,13,13,548
27-Feb-21,1268,1,275,849,218521,1804,66575,20,6,554
28-Feb-21,1271,1,276,1003,219524,2548,69123,10,7,561
1-Mar-21,1209,0,276,981,220505,2827,71950,8,3,564
2-Mar-21,1270,0,276,1121,221626,2105,74055,9,8,572
3-Mar-21,1391,1,277,1110,222736,2950,77005,8,11,583
4-Mar-21,1351,1,278,1109,223845,3172,80177,14,13,596
5-Mar-21,960,1,279,890,224735,1996,82173,9,13,609
6-Mar-21,1379,2,281,1267,226002,2653,84826,13,20,629
7-Mar-21,1421,1,282,1270,227272,4013,88839,14,10,639
8-Mar-21,1577,3,285,1209,228481,3899,92738,22,8,647
9-Mar-21,1658,3,288,1270,229751,4087,96825,26,9,656
10-Mar-21,1801,1,289,1390,231141,4955,101780,15,8,664
11-Mar-21,1657,6,295,1350,232491,5676,107456,16,14,678
12-Mar-21,1419,7,302,959,233450,3874,111330,14,9,687
13-Mar-21,1760,3,305,1377,234827,4712,116042,23,13,700
14-Mar-21,2228,3,308,1420,236247,10051,126093,23,14,714
15-Mar-21,2286,4,312,1574,237821,7961,134054,14,22,736
16-Mar-21,2352,4,316,1655,239476,11522,145576,25,26,762
17-Mar-21,2333,8,324,1800,241276,8401,153977,27,15,777
18-Mar-21,2472,14,338,1651,242927,11970,165947,24,16,793
19-Mar-21,1852,5,343,1412,244339,8277,174224,27,14,807
20-Mar-21,2508,8,351,1757,246096,8533,182757,29,23,830
21-Mar-21,2683,8,359,2225,248321,12869,195626,26,23,853
22-Mar-21,2858,7,366,2282,250603,9326,204952,15,14,867
23-Mar-21,3017,6,372,2348,252951,9704,214656,41,25,892
24-Mar-21,3024,12,384,2325,255276,9231,223887,33,27,919
25-Mar-21,2986,11,395,2458,257734,12313,236200,27,24,943
26-Mar-21,2092,5,400,1847,259581,7296,243496,28,27,970
27-Mar-21,2918,13,413,2500,262081,8278,251774,36,29,999
28-Mar-21,3234,9,422,2675,264756,13068,264842,31,26,1025
29-Mar-21,3111,13,435,2851,267607,13260,278102,31,15,1040
30-Mar-21,3370,8,443,3011,270618,13054,291156,38,41,1081
31-Mar-21,3113,11,454,3012,273630,13697,304853,27,33,1114
1-Apr-21,2687,8,462,2975,276605,15084,319937,31,27,1141
2-Apr-21,2152,11,473,2087,278692,9292,329229,41,28,1169
3-Apr-21,2901,7,480,2905,281597,10041,339270,35,36,1205
4-Apr-21,3383,12,492,3225,284822,8047,347317,37,31,1236
5-Apr-21,3258,6,498,3098,287920,13956,361273,27,31,1267
6-Apr-21,3122,9,507,3362,291282,13829,375102,21,38,1305
7-Apr-21,3008,4,511,3102,294384,7326,382428,15,27,1332
8-Apr-21,2742,3,514,2679,297063,13663,396091,17,31,1363
9-Apr-21,2151,4,518,2141,299204,5599,401690,41,41,1404
10-Apr-21,2793,10,528,2894,302098,3449,405139,20,35,1439
11-Apr-21,2831,5,533,3371,305469,5132,410271,28,37,1476
12-Apr-21,2741,4,537,3252,308721,6244,416515,30,27,1503
13-Apr-21,2313,5,542,3113,311834,7602,424117,21,21,1524
14-Apr-21,2171,6,548,3004,314838,3661,427778,16,15,1539
15-Apr-21,2045,6,554,2739,317577,4114,431892,20,17,1556
16-Apr-21,1694,3,557,2147,319724,3293,435185,31,41,1597
17-Apr-21,1952,3,560,2783,322507,7628,442813,15,20,1617
18-Apr-21,1835,3,563,2826,325333,6623,449436,15,28,1645
19-Apr-21,1840,1,564,2737,328070,9546,458982,19,30,1675
20-Apr-21,1719,1,565,2308,330378,9242,468224,16,21,1696
21-Apr-21,1544,4,569,2165,332543,9965,478189,16,16,1712
22-Apr-21,1262,6,575,2039,334582,12437,490626,7,20,1732
23-Apr-21,1216,1,576,1691,336273,8467,499093,24,31,1763
24-Apr-21,1412,0,576,1949,338222,8622,507715,19,15,1778
25-Apr-21,1284,2,578,1832,340054,13311,521026,11,15,1793
26-Apr-21,1172,0,578,1839,341893,10998,532024,14,19,1812
27-Apr-21,1261,1,579,1718,343611,10963,542987,15,16,1828
28-Apr-21,1080,2,581,1540,345151,13982,556969,9,16,1844
29-Apr-21,1003,3,584,1256,346407,11969,568938,9,7,1851
30-Apr-21,795,2,586,1215,347622,7927,576865,10,24,1875
1-May-21,1064,2,588,1412,349034,8374,585239,11,19,1894
2-May-21,993,1,589,1282,350316,17529,602768,11,11,1905
3-May-21,1185,0,589,1172,351488,19672,622440,9,14,1919
4-May-21,961,0,589,1260,352748,14391,636831,10,15,1934
5-May-21,740,0,589,1078,353826,15596,652427,3,9,1943
6-May-21,725,1,590,1000,354826,17154,669581,11,9,1952
7-May-21,589,0,590,793,355619,13618,683199,14,10,1962
8-May-21,633,0,590,1062,356681,12679,695878,8,11,1973
9-May-21,579,0,590,992,357673,21174,717052,6,11,1984
10-May-21,599,0,590,1185,358858,24192,741244,6,9,1993
11-May-21,533,1,591,961,359819,23736,764980,9,10,2003
12-May-21,450,0,591,740,360559,22658,787638,3,3,2006
13-May-21,261,2,593,724,361283,21947,809585,6,11,2017
14-May-21,490,0,593,589,361872,15674,825259,1,14,2031
15-May-21,610,0,593,633,362505,18123,843382,5,8,2039
16-May-21,522,0,593,579,363084,22020,865402,4,6,2045
17-May-21,560,0,593,599,363683,20293,885695,9,6,2051
18-May-21,499,1,594,532,364215,22276,907971,10,9,2060
19-May-21,579,0,594,450,364665,18119,926090,8,3,2063
20-May-21,547,0,594,259,364924,16883,942973,4,6,2069
21-May-21,433,0,594,490,365414,7662,950635,5,1,2070
22-May-21,503,1,595,610,366024,11418,962053,6,5,2075
23-May-21,508,0,595,522,366546,15323,977376,10,4,2079
24-May-21,578,0,595,560,367106,16565,993941,9,9,2088
25-May-21,404,1,596,498,367604,17266,1011207,9,10,2098
26-May-21,460,1,597,579,368183,18351,1029558,5,8,2106
27-May-21,300,0,597,547,368730,15382,1044940,5,4,2110
28-May-21,365,0,597,433,369163,5924,1050864,9,5,2115
29-May-21,365,0,597,502,369665,9150,1060014,4,6,2121
30-May-21,443,0,597,508,370173,12280,1072294,5,10,2131
31-May-21,420,0,597,578,370751,11322,1083616,6,9,2140
1-Jun-21,365,1,598,403,371154,11127,1094743,15,9,2149
2-Jun-21,345,0,598,459,371613,5956,1100699,5,5,2154
3-Jun-21,362,0,598,300,371913,5949,1106648,3,5,2159
4-Jun-21,307,0,598,365,372278,7838,1114486,5,9,2168
5-Jun-21,332,0,598,365,372643,6074,1120560,7,4,2172
6-Jun-21,337,0,598,443,373086,10148,1130708,4,5,2177
7-Jun-21,363,1,599,420,373506,6688,1137396,6,6,2183
8-Jun-21,381,0,599,364,373870,7984,1145380,5,15,2198
9-Jun-21,355,1,600,345,374215,12916,1158296,6,5,2203
10-Jun-21,275,0,600,362,374577,13376,1171672,7,3,2206
11-Jun-21,275,0,600,307,374884,6416,1178088,9,5,2211
12-Jun-21,291,0,600,332,375216,9108,1187196,1,7,2218
13-Jun-21,326,0,600,337,375553,12024,1199220,4,4,2222
14-Jun-21,322,0,600,362,375915,12660,1211880,7,6,2228
15-Jun-21,291,0,600,381,376296,12873,1224753,8,5,2233
16-Jun-21,401,0,600,354,376650,13745,1238498,5,6,2239
17-Jun-21,357,0,600,275,376925,18111,1256609,7,7,2246
18-Jun-21,294,1,601,275,377200,10349,1266958,5,9,2255
19-Jun-21,315,0,601,291,377491,6619,1273577,5,1,2256
20-Jun-21,324,0,601,326,377817,9612,1283189,8,4,2260
21-Jun-21,311,0,601,322,378139,8166,1291355,4,7,2267
22-Jun-21,194,0,601,291,378430,17031,1308386,4,8,2275
23-Jun-21,176,0,601,401,378831,13689,1322075,13,5,2280
24-Jun-21,222,0,601,357,379188,17178,1339253,9,7,2287
25-Jun-21,250,0,601,293,379481,7486,1346739,6,5,2292
26-Jun-21,253,0,601,315,379796,17284,1364023,4,5,2297
27-Jun-21,289,0,601,324,380120,16554,1380577,7,8,2305
28-Jun-21,246,1,602,311,380431,19402,1399979,4,4,2309
29-Jun-21,293,0,602,194,380625,19259,1419238,6,4,2313
30-Jun-21,279,0,602,176,380801,14529,1433767,6,13,2326
1-Jul-21,213,0,602,222,381023,12605,1446372,10,9,2335
2-Jul-21,185,0,602,250,381273,1439,1447811,6,6,2341
3-Jul-21,193,0,602,253,381526,5337,1453148,5,4,2345
4-Jul-21,214,0,602,289,381815,7238,1460386,4,7,2352
5-Jul-21,252,0,602,245,382060,8675,1469061,6,4,2356
6-Jul-21,221,0,602,293,382353,10924,1479985,8,6,2362
7-Jul-21,230,1,603,279,382632,11945,1491930,5,6,2368
8-Jul-21,202,0,603,213,382845,8541,1500471,5,10,2378
9-Jul-21,199,0,603,185,383030,4284,1504755,1,6,2384
10-Jul-21,235,0,603,193,383223,4203,1508958,5,5,2389
11-Jul-21,302,0,603,214,383437,6866,1515824,6,4,2393
12-Jul-21,238,0,603,252,383689,7119,1522943,3,6,2399
13-Jul-21,212,0,603,221,383910,9253,1532196,3,8,2407
14-Jul-21,248,0,603,229,384139,9325,1541521,7,5,2412
15-Jul-21,249,0,603,202,384341,10793,1552314,1,5,2417
16-Jul-21,187,0,603,199,384540,3474,1555788,3,1,2418
17-Jul-21,236,0,603,235,384775,9786,1565574,3,5,2423
18-Jul-21,208,0,603,302,385077,16048,1581622,4,6,2429
19-Jul-21,265,0,603,238,385315,11664,1593286,4,3,2432
20-Jul-21,233,0,603,212,385527,5400,1598686,2,3,2435
21-Jul-21,296,0,603,248,385775,14786,1613472,4,7,2442
22-Jul-21,207,0,603,249,386024,11419,1624891,9,1,2443
23-Jul-21,268,0,603,187,386211,3802,1628693,5,3,2446
24-Jul-21,258,0,603,236,386447,5784,1634477,6,3,2449
25-Jul-21,237,0,603,208,386655,7402,1641879,7,4,2453
26-Jul-21,323,0,603,265,386920,7875,1649754,11,4,2457
27-Jul-21,299,0,603,233,387153,6603,1656357,8,2,2459
28-Jul-21,290,0,603,296,387449,5854,1662211,7,4,2463
29-Jul-21,243,0,603,207,387656,5901,1668112,5,9,2472
30-Jul-21,235,1,604,268,387924,2244,1670356,7,5,2477
31-Jul-21,298,0,604,258,388182,10419,1680775,1,6,2483
1-Aug-21,244,0,604,237,388419,13604,1694379,2,7,2490
2-Aug-21,302,0,604,323,388742,12382,1706761,3,11,2501
3-Aug-21,345,0,604,299,389041,2819,1709580,9,8,2509
4-Aug-21,285,0,604,290,389331,24108,1733688,6,7,2516
5-Aug-21,405,0,604,243,389574,9207,1742895,9,5,2521
6-Aug-21,251,0,604,234,389808,1580,1744475,7,7,2528
7-Aug-21,323,0,604,298,390106,1958,1746433,6,1,2529
8-Aug-21,363,0,604,244,390350,4404,1750837,6,2,2531
9-Aug-21,324,0,604,302,390652,11663,1762500,9,3,2534
10-Aug-21,303,1,605,345,390997,13300,1775800,3,9,2543
11-Aug-21,373,0,605,285,391282,13016,1788816,10,6,2549
12-Aug-21,321,0,605,405,391687,12496,1801312,10,9,2558
13-Aug-21,339,0,605,251,391938,2998,1804310,5,7,2565
14-Aug-21,367,0,605,323,392261,3732,1808042,3,6,2571
15-Aug-21,442,0,605,363,392624,24673,1832715,7,6,2577
16-Aug-21,328,1,606,324,392948,13570,1846285,5,9,2586
17-Aug-21,411,0,606,302,393250,4736,1851021,6,3,2589
18-Aug-21,391,0,606,373,393623,9736,1860757,8,10,2599
19-Aug-21,326,0,606,321,393944,12282,1873039,9,10,2609
20-Aug-21,315,0,606,339,394283,1629,1874668,3,5,2614
21-Aug-21,438,0,606,367,394650,10543,1885211,11,3,2617
22-Aug-21,332,0,606,442,395092,7629,1892840,8,7,2624
23-Aug-21,346,0,606,327,395419,12645,1905485,4,5,2629
24-Aug-21,336,0,606,411,395830,17186,1922671,6,6,2635
25-Aug-21,370,0,606,391,396221,10134,1932805,7,8,2643
26-Aug-21,325,0,606,326,396547,16942,1949747,3,9,2652
27-Aug-21,315,0,606,315,396862,3047,1952794,10,3,2655
28-Aug-21,309,1,607,438,397300,12024,1964818,4,11,2666
29-Aug-21,294,0,607,332,397632,11771,1976589,8,8,2674
30-Aug-21,269,0,607,346,397978,14730,1991319,7,4,2678
31-Aug-21,270,1,608,336,398314,9689,2001008,5,6,2684
1-Sep-21,296,0,608,370,398684,15510,2016518,4,7,2691
2-Sep-21,304,0,608,325,399009,12688,2029206,6,3,2694
3-Sep-21,216,0,608,315,399324,2083,2031289,6,10,2704
4-Sep-21,262,0,608,308,399632,6116,2037405,6,4,2708
5-Sep-21,266,0,608,294,399926,3762,2041167,5,8,2716
6-Sep-21,301,1,609,269,400195,7201,2048368,7,7,2723
7-Sep-21,274,0,609,269,400464,6722,2055090,4,5,2728
8-Sep-21,229,0,609,296,400760,6243,2061333,3,4,2732
9-Sep-21,277,0,609,304,401064,7987,2069320,6,6,2738
10-Sep-21,206,0,609,216,401280,1582,2070902,7,6,2744
11-Sep-21,208,1,610,262,401542,4557,2075459,9,6,2750
12-Sep-21,267,0,610,266,401808,10679,2086138,5,5,2755
13-Sep-21,263,0,610,300,402108,5122,2091260,9,7,2762
14-Sep-21,257,0,610,274,402382,4419,2095679,5,4,2766
15-Sep-21,241,0,610,229,402611,5011,2100690,2,3,2769
16-Sep-21,231,0,610,277,402888,6581,2107271,5,6,2775
17-Sep-21,202,0,610,206,403094,1501,2108772,4,7,2782
18-Sep-21,326,0,610,207,403301,3283,2112055,12,9,2791
19-Sep-21,298,0,610,267,403568,3944,2115999,5,5,2796
20-Sep-21,322,0,610,263,403831,4090,2120089,10,9,2805
21-Sep-21,223,0,610,257,404088,2400,2122489,3,5,2810
22-Sep-21,209,0,610,241,404329,3373,2125862,6,2,2812
23-Sep-21,171,0,610,231,404560,2928,2128790,6,5,2817
24-Sep-21,127,0,610,202,404762,1321,2130111,2,4,2821
25-Sep-21,193,0,610,326,405088,1458,2131569,5,12,2833
26-Sep-21,221,0,610,298,405386,2097,2133666,6,5,2838
27-Sep-21,197,0,610,322,405708,1917,2135583,4,10,2848
28-Sep-21,195,0,610,223,405931,1795,2137378,6,3,2851
29-Sep-21,223,0,610,209,406140,1814,2139192,5,6,2857
30-Sep-21,217,0,610,171,406311,1917,2141109,4,6,2863
1-Oct-21,124,0,610,127,406438,1073,2142182,2,2,2865
2-Oct-21,151,0,610,193,406631,1243,2143425,5,5,2870
3-Oct-21,213,0,610,221,406852,1892,2145317,5,6,2876
4-Oct-21,184,0,610,197,407049,1402,2146719,4,4,2880
5-Oct-21,179,0,610,195,407244,1505,2148224,3,6,2886
6-Oct-21,134,0,610,223,407467,1436,2149660,5,5,2891
7-Oct-21,103,0,610,217,407684,1743,2151403,2,4,2895
8-Oct-21,113,1,611,124,407808,758,2152161,4,2,2897
9-Oct-21,111,0,611,151,407959,872,2153033,2,5,2902
10-Oct-21,131,0,611,213,408172,1571,2154604,3,5,2907
11-Oct-21,165,0,611,184,408356,1288,2155892,4,4,2911
12-Oct-21,233,0,611,179,408535,1171,2157063,1,3,2914
13-Oct-21,135,0,611,134,408669,1220,2158283,2,5,2919
14-Oct-21,127,0,611,103,408772,1380,2159663,2,2,2921
15-Oct-21,106,0,611,112,408884,755,2160418,0,4,2925
16-Oct-21,141,0,611,111,408995,686,2161104,1,2,2927
17-Oct-21,140,0,611,131,409126,1209,2162313,4,3,2930
18-Oct-21,131,0,611,165,409291,1166,2163479,5,4,2934
19-Oct-21,184,0,611,233,409524,1021,2164500,1,1,2935
20-Oct-21,170,0,611,135,409659,939,2165439,1,2,2937
21-Oct-21,157,0,611,127,409786,1380,2166819,6,2,2939
22-Oct-21,127,1,612,106,409892,630,2167449,5,0,2939
23-Oct-21,184,1,613,141,410033,826,2168275,2,1,2940
24-Oct-21,153,0,613,140,410173,1572,2169847,0,4,2944
25-Oct-21,183,0,613,131,410304,1481,2171328,3,5,2949
26-Oct-21,181,0,613,184,410488,1141,2172469,4,1,2950
27-Oct-21,193,0,613,170,410658,1231,2173700,2,1,2951
28-Oct-21,166,0,613,157,410815,1720,2175420,2,6,2957
29-Oct-21,152,1,614,126,410941,633,2176053,8,5,2962
30-Oct-21,216,0,614,183,411124,953,2177006,1,2,2964
31-Oct-21,233,0,614,153,411277,1661,2178667,2,0,2964
1-Nov-21,217,0,614,183,411460,1672,2180339,5,3,2967
2-Nov-21,222,0,614,181,411641,1459,2181798,3,4,2971
3-Nov-21,188,0,614,193,411834,1236,2183034,2,2,2973
4-Nov-21,230,0,614,166,412000,1648,2184682,4,2,2975
5-Nov-21,186,0,614,151,412151,803,2185485,3,8,2983
6-Nov-21,194,0,614,216,412367,718,2186203,5,1,2984
7-Nov-21,249,0,614,233,412600,1220,2187423,6,2,2986
8-Nov-21,235,0,614,217,412817,1214,2188637,3,5,2991
9-Nov-21,257,1,615,222,413039,1142,2189779,6,3,2994
10-Nov-21,233,0,615,188,413227,1112,2190891,1,2,2996
11-Nov-21,203,0,615,230,413457,1331,2192222,8,4,3000
12-Nov-21,164,0,615,186,413643,449,2192671,0,3,3003
13-Nov-21,196,0,615,194,413837,566,2193237,4,5,3008
14-Nov-21,285,0,615,249,414086,1254,2194491,2,6,3014
15-Nov-21,287,0,615,235,414321,1069,2195560,7,3,3017
16-Nov-21,300,0,615,256,414577,922,2196482,7,6,3023
17-Nov-21,328,1,616,233,414810,983,2197465,6,1,3024
18-Nov-21,268,0,616,203,415013,1069,2198534,2,8,3032
19-Nov-21,201,0,616,164,415177,459,2198993,4,0,3032
20-Nov-21,208,0,616,196,415373,411,2199404,0,4,3036
21-Nov-21,298,1,617,285,415658,975,2200379,7,2,3038
22-Nov-21,311,1,618,287,415945,823,2201202,9,7,3045
23-Nov-21,324,0,618,300,416245,792,2201994,0,7,3052
24-Nov-21,276,0,618,327,416572,847,2202841,10,6,3058
25-Nov-21,240,0,618,268,416840,861,2203702,7,2,3060
26-Nov-21,199,0,618,201,417041,320,2204022,4,4,3064
27-Nov-21,281,0,618,208,417249,352,2204374,4,0,3064
28-Nov-21,355,0,618,297,417546,948,2205322,4,7,3071
29-Nov-21,371,1,619,310,417856,812,2206134,11,9,3080
30-Nov-21,387,0,619,324,418180,821,2206955,6,0,3080
1-Dec-21,368,0,619,276,418456,728,2207683,5,10,3090
2-Dec-21,354,1,620,240,418696,825,2208508,13,7,3097
3-Dec-21,248,0,620,199,418895,365,2208873,5,4,3101
4-Dec-21,318,0,620,281,419176,396,2209269,12,4,3105
5-Dec-21,370,1,621,355,419531,947,2210216,6,4,3109
6-Dec-21,334,0,621,370,419901,810,2211026,8,11,3120
7-Dec-21,327,0,621,387,420288,932,2211958,6,6,3126
8-Dec-21,318,1,622,368,420656,1051,2213009,3,5,3131
9-Dec-21,310,0,622,353,421009,1276,2214285,7,13,3144
10-Dec-21,268,3,625,248,421257,551,2214836,4,5,3149
11-Dec-21,300,2,627,318,421575,422,2215258,12,12,3161
12-Dec-21,324,5,632,369,421944,1152,2216410,7,6,3167
13-Dec-21,313,2,634,334,422278,1097,2217507,12,8,3175
14-Dec-21,361,3,637,327,422605,931,2218438,12,6,3181
15-Dec-21,351,1,638,317,422922,829,2219267,8,3,3184
16-Dec-21,365,3,641,310,423232,911,2220178,11,7,3191
17-Dec-21,318,1,642,265,423497,611,2220789,14,4,3195
18-Dec-21,388,3,645,298,423795,297,2221086,13,12,3207
19-Dec-21,458,3,648,319,424114,536,2221622,24,7,3214
20-Dec-21,611,4,652,311,424425,921,2222543,32,12,3226
21-Dec-21,807,3,655,358,424783,641,2223184,43,12,3238
22-Dec-21,1051,3,658,350,425133,651,2223835,77,8,3246
23-Dec-21,1169,0,658,362,425495,881,2224716,82,11,3257
24-Dec-21,1418,0,658,317,425812,329,2225045,104,14,3271
25-Dec-21,2187,2,660,385,426197,427,2225472,168,13,3284
26-Dec-21,3439,3,663,455,426652,664,2226136,288,24,3308
27-Dec-21,4552,2,665,607,427259,777,2226913,408,32,3340
28-Dec-21,6084,1,666,804,428063,757,2227670,582,43,3383
29-Dec-21,8122,1,667,1048,429111,515,2228185,719,77,3460
30-Dec-21,9108,1,668,1169,430280,584,2228769,813,82,3542
31-Dec-21,8309,0,668,1418,431698,306,2229075,688,104,3646
1-Jan-22,10913,0,668,2185,433883,222,2229297,1057,168,3814
2-Jan-22,14605,2,670,3436,437319,479,2229776,1368,288,4102
3-Jan-22,17887,0,670,4550,441869,442,2230218,1724,408,4510
4-Jan-22,16627,2,672,6083,447952,450,2230668,1749,582,5092
5-Jan-22,23807,1,673,8121,456073,437,2231105,2266,719,5811
6-Jan-22,16349,0,673,9107,465180,416,2231521,1571,813,6624
7-Jan-22,11234,1,674,8309,473489,207,2231728,1108,688,7312
8-Jan-22,14346,0,674,10913,484402,200,2231928,1328,1057,8369
9-Jan-22,16753,1,675,14603,499005,384,2232312,1712,1368,9737
10-Jan-22,18295,0,675,17887,516892,490,2232802,1851,1724,11461
11-Jan-22,16907,0,675,16625,533517,385,2233187,1722,1749,13210
12-Jan-22,14954,0,675,23806,557323,477,2233664,1481,2266,15476
13-Jan-22,13082,0,675,16349,573672,434,2234098,1218,1571,17047
14-Jan-22,8490,0,675,11233,584905,192,2234290,820,1108,18155
15-Jan-22,10790,0,675,14346,599251,156,2234446,1033,1328,19483
16-Jan-22,10063,0,675,16752,616003,415,2234861,1032,1712,21195
17-Jan-22,8227,0,675,18295,634298,481,2235342,828,1851,23046
18-Jan-22,7297,0,675,16907,651205,469,2235811,713,1722,24768
19-Jan-22,6185,0,675,14954,666159,469,2236280,617,1481,26249
20-Jan-22,4973,0,675,13082,679241,478,2236758,450,1218,27467
21-Jan-22,3496,0,675,8490,687731,217,2236975,332,820,28287
22-Jan-22,4215,0,675,10790,698521,258,2237233,390,1033,29320
23-Jan-22,4012,0,675,10063,708584,525,2237758,375,1032,30352
24-Jan-22,3913,0,675,8227,716811,524,2238282,345,828,31180
25-Jan-22,3609,0,675,7297,724108,460,2238742,324,713,31893
26-Jan-22,3087,1,676,6185,730293,514,2239256,312,617,32510
27-Jan-22,2910,0,676,4973,735266,520,2239776,249,450,32960
28-Jan-22,2327,0,676,3496,738762,269,2240045,225,332,33292
29-Jan-22,3056,0,676,4215,742977,277,2240322,314,390,33682
30-Jan-22,2677,0,676,4012,746989,551,2240873,287,375,34057
31-Jan-22,2088,0,676,3913,750902,496,2241369,223,345,34402
1-Feb-22,2024,0,676,3609,754511,439,2241808,185,324,34726
2-Feb-22,1733,0,676,3086,757597,496,2242304,179,312,35038
3-Feb-22,1578,0,676,2910,760507,482,2242786,153,249,35287
4-Feb-22,1152,0,676,2327,762834,225,2243011,83,225,35512
5-Feb-22,1566,0,676,3056,765890,223,2243234,145,314,35826
6-Feb-22,1455,0,676,2677,768567,496,2243730,133,287,36113
7-Feb-22,1256,0,676,2088,770655,549,2244279,108,223,36336
8-Feb-22,1134,0,676,2024,772679,377,2244656,92,185,36521
9-Feb-22,1147,0,676,1733,774412,563,2245219,106,179,36700
10-Feb-22,1071,0,676,1578,775990,550,2245769,89,153,36853
11-Feb-22,885,0,676,1152,777142,193,2245962,50,83,36936
12-Feb-22,1151,0,676,1566,778708,211,2246173,107,145,37081
13-Feb-22,1032,0,676,1455,780163,592,2246765,87,133,37214
14-Feb-22,835,0,676,1256,781419,575,2247340,79,108,37322
15-Feb-22,770,0,676,1134,782553,566,2247906,63,92,37414
16-Feb-22,753,0,676,1147,783700,521,2248427,75,106,37520
17-Feb-22,784,0,676,1071,784771,533,2248960,55,89,37609
18-Feb-22,571,0,676,885,785656,195,2249155,53,50,37659
19-Feb-22,722,1,677,1151,786807,239,2249394,62,107,37766
20-Feb-22,729,0,677,1032,787839,504,2249898,64,87,37853
21-Feb-22,584,0,677,835,788674,495,2250393,39,79,37932
22-Feb-22,602,0,677,770,789444,535,2250928,42,63,37995
23-Feb-22,452,0,677,753,790197,492,2251420,32,75,38070
24-Feb-22,407,0,677,784,790981,911,2252331,28,55,38125
25-Feb-22,365,0,677,571,791552,292,2252623,26,53,38178
26-Feb-22,421,0,677,721,792273,201,2252824,28,62,38240
27-Feb-22,402,0,677,729,793002,761,2253585,28,64,38304
28-Feb-22,341,0,677,584,793586,586,2254171,18,39,38343
1-Mar-22,251,0,677,602,794188,487,2254658,23,42,38385
2-Mar-22,196,0,677,452,794640,499,2255157,12,32,38417
3-Mar-22,169,0,677,407,795047,1126,2256283,16,28,38445
4-Mar-22,159,0,677,365,795412,351,2256634,8,26,38471
5-Mar-22,200,0,677,421,795833,253,2256887,10,28,38499
6-Mar-22,150,0,677,402,796235,674,2257561,9,28,38527
7-Mar-22,174,0,677,341,796576,555,2258116,8,18,38545
8-Mar-22,133,0,677,251,796827,550,2258666,8,23,38568
9-Mar-22,107,1,678,196,797023,563,2259229,10,12,38580
10-Mar-22,133,,,,,1381,,8,16,38596
11-Mar-22,78,,,,,573,,10,8,38604
12-Mar-22,117,,,,,258,,2,10,38614
13-Mar-22,104,,,,,639,,5,9,38623
14-Mar-22,97,,,,,557,,9,8,38631
15-Mar-22,89,,,,,540,,9,8,38639
16-Mar-22,67,,,,,442,,5,10,38649
17-Mar-22,169,,,,,1115,,2,8,38657
18-Mar-22,107,,,,,371,,9,10,38667
19-Mar-22,127,,,,,282,,8,2,38669
20-Mar-22,144,,,,,486,,14,5,38674
21-Mar-22,128,,,,,484,,11,9,38683
22-Mar-22,127,,,,,438,,12,9,38692
23-Mar-22,113,,,,,389,,9,5,38697
24-Mar-22,128,,,,,1049,,7,2,38699
25-Mar-22,92,,,,,318,,6,9,38708
26-Mar-22,154,,,,,262,,10,8,38716
27-Mar-22,136,,,,,418,,14,14,38730
28-Mar-22,118,,,,,382,,9,11,38741
29-Mar-22,138,,,,,440,,8,12,38753
30-Mar-22,115,,,,,358,,10,9,38762
31-Mar-22,140,,,,,939,,11,7,38769
1-Apr-22,114,,,,,242,,10,6,38775
2-Apr-22,138,,,,,187,,7,10,38785
3-Apr-22,165,,,,,418,,13,14,38799
4-Apr-22,142,,,,,339,,19,9,38808
5-Apr-22,127,,,,,406,,13,8,38816
6-Apr-22,125,,,,,348,,7,10,38826
7-Apr-22,121,,,,,1023,,11,11,38837
8-Apr-22,78,,,,,262,,16,10,38847
9-Apr-22,172,,,,,208,,5,7,38854
10-Apr-22,109,,,,,452,,19,13,38867
11-Apr-22,89,,,,,401,,8,19,38886
12-Apr-22,82,,,,,419,,13,13,38899
13-Apr-22,108,,,,,387,,12,7,38906
14-Apr-22,91,,,,,1030,,8,11,38917
15-Apr-22,68,,,,,214,,8,16,38933
16-Apr-22,89,,,,,254,,10,5,38938
17-Apr-22,85,,,,,516,,15,19,38957
18-Apr-22,90,,,,,359,,9,8,38965
19-Apr-22,74,,,,,452,,9,13,38978
20-Apr-22,69,,,,,319,,6,12,38990
21-Apr-22,93,,,,,923,,11,8,38998
22-Apr-22,59,,,,,226,,6,8,39006
23-Apr-22,80,,,,,218,,5,10,39016
24-Apr-22,97,,,,,350,,11,15,39031
25-Apr-22,57,,,,,340,,10,9,39040
26-Apr-22,46,,,,,364,,8,9,39049
27-Apr-22,79,,,,,309,,14,6,39055
28-Apr-22,62,,,,,718,,5,11,39066
29-Apr-22,49,,,,,169,,2,6,39072
30-Apr-22,71,,,,,178,,5,5,39077
1-May-22,70,,,,,204,,9,11,39088
2-May-22,46,,,,,146,,3,10,39098
3-May-22,50,,,,,194,,10,8,39106
4-May-22,81,,,,,177,,7,14,39120
5-May-22,81,,,,,437,,5,5,39125
6-May-22,84,,,,,151,,7,2,39127
7-May-22,138,,,,,171,,20,5,39132
8-May-22,132,,,,,271,,15,9,39141
9-May-22,152,,,,,222,,26,3,39144
10-May-22,158,,,,,297,,19,10,39154
11-May-22,153,,,,,299,,10,7,39161
12-May-22,130,,,,,653,,16,5,39166
13-May-22,87,,,,,170,,7,7,39173
14-May-22,151,,,,,181,,16,20,39193
15-May-22,156,,,,,322,,14,15,39208
16-May-22,138,,,,,273,,12,26,39234
17-May-22,128,,,,,343,,14,19,39253
18-May-22,121,,,,,264,,16,10,39263
19-May-22,123,,,,,690,,13,16,39279
20-May-22,102,,,,,93,,16,7,39286
21-May-22,144,,,,,168,,12,16,39302
22-May-22,179,,,,,250,,18,14,39316
23-May-22,170,,,,,226,,24,12,39328
24-May-22,179,,,,,259,,17,14,39342
25-May-22,181,,,,,191,,16,16,39358
26-May-22,142,,,,,563,,15,13,39371
27-May-22,124,,,,,117,,24,16,39387
28-May-22,194,,,,,142,,26,12,39399
29-May-22,243,,,,,252,,41,18,39417
30-May-22,254,,,,,184,,32,24,39441
31-May-22,250,,,,,256,,27,17,39458
1-Jun-22,251,,,,,222,,30,16,39474
2-Jun-22,225,,,,,710,,19,15,39489
3-Jun-22,160,,,,,52,,16,24,39513
4-Jun-22,279,,,,,162,,39,26,39539
5-Jun-22,289,,,,,320,,31,41,39580
6-Jun-22,298,,,,,256,,45,32,39612
7-Jun-22,340,,,,,347,,50,27,39639
8-Jun-22,322,,,,,335,,47,30,39669
9-Jun-22,325,,,,,834,,40,19,39688
10-Jun-22,280,,,,,144,,31,16,39704
11-Jun-22,373,,,,,161,,51,39,39743
12-Jun-22,419,,,,,423,,65,31,39774
13-Jun-22,433,,,,,329,,66,45,39819
14-Jun-22,484,,,,,316,,68,50,39869
15-Jun-22,454,,,,,251,,58,47,39916
16-Jun-22,422,,,,,671,,47,40,39956
17-Jun-22,296,,,,,135,,57,31,39987
18-Jun-22,544,,,,,80,,81,51,40038
19-Jun-22,629,,,,,299,,96,65,40103
20-Jun-22,657,,,,,249,,84,66,40169
21-Jun-22,674,,,,,253,,83,68,40237
22-Jun-22,686,,,,,214,,87,58,40295
23-Jun-22,576,,,,,509,,90,47,40342
24-Jun-22,430,,,,,69,,58,57,40399
25-Jun-22,571,,,,,82,,69,81,40480
26-Jun-22,654,,,,,234,,113,96,40576
27-Jun-22,622,,,,,179,,107,84,40660
28-Jun-22,670,,,,,203,,125,83,40743
29-Jun-22,635,,,,,180,,76,87,40830
30-Jun-22,583,,,,,435,,88,90,40920
1-Jul-22,493,,,,,48,,70,58,40978
2-Jul-22,621,,,,,41,,102,69,41047
3-Jul-22,629,,,,,219,,116,113,41160
4-Jul-22,645,,,,,175,,115,107,41267
5-Jul-22,687,,,,,158,,119,125,41392
6-Jul-22,620,,,,,156,,99,76,41468
7-Jul-22,633,,,,,308,,105,88,41556
8-Jul-22,512,,,,,39,,68,70,41626
9-Jul-22,445,,,,,27,,78,102,41728
10-Jul-22,496,,,,,85,,91,116,41844
11-Jul-22,598,,,,,105,,110,115,41959
12-Jul-22,779,,,,,118,,148,119,42078
13-Jul-22,954,,,,,93,,159,99,42177
14-Jul-22,932,,,,,208,,186,105,42282
15-Jul-22,831,,,,,53,,163,68,42350
16-Jul-22,1073,,,,,27,,251,78,42428
17-Jul-22,1187,,,,,234,,238,91,42519
18-Jul-22,1005,,,,,172,,223,110,42629
19-Jul-22,1030,,,,,191,,212,148,42777
20-Jul-22,880,,,,,143,,187,159,42936
21-Jul-22,894,,,,,313,,211,186,43122
22-Jul-22,694,,,,,60,,147,163,43285
23-Jul-22,909,,,,,31,,214,251,43536
24-Jul-22,984,,,,,182,,234,238,43774
25-Jul-22,907,,,,,130,,188,223,43997
26-Jul-22,845,,,,,143,,171,212,44209
27-Jul-22,780,,,,,120,,194,187,44396
28-Jul-22,698,,,,,278,,144,211,44607
29-Jul-22,657,,,,,40,,143,147,44754
30-Jul-22,820,,,,,24,,192,214,44968
31-Jul-22,884,,,,,145,,214,234,45202
1-Aug-22,794,,,,,130,,206,188,45390
2-Aug-22,716,,,,,110,,188,171,45561
3-Aug-22,671,,,,,109,,164,194,45755
4-Aug-22,730,,,,,221,,158,144,45899
5-Aug-22,511,,,,,32,,114,143,46042
6-Aug-22,710,,,,,18,,180,192,46234
7-Aug-22,746,,,,,111,,174,214,46448
8-Aug-22,655,,,,,74,,184,206,46654
9-Aug-22,698,,,,,130,,141,188,46842
10-Aug-22,694,,,,,116,,169,164,47006
11-Aug-22,586,,,,,315,,136,158,47164
12-Aug-22,493,,,,,52,,130,114,47278
13-Aug-22,652,,,,,25,,170,180,47458
14-Aug-22,675,,,,,171,,169,174,47632
15-Aug-22,653,,,,,142,,168,184,47816
16-Aug-22,596,,,,,152,,159,141,47957
17-Aug-22,545,,,,,128,,118,169,48126
18-Aug-22,528,,,,,374,,103,136,48262
19-Aug-22,446,,,,,27,,108,130,48392
20-Aug-22,565,,,,,24,,134,170,48562
21-Aug-22,594,,,,,170,,113,169,48731
22-Aug-22,512,,,,,109,,138,168,48899
23-Aug-22,532,,,,,153,,109,159,49058
24-Aug-22,458,,,,,100,,101,118,49176
25-Aug-22,465,,,,,300,,143,103,49279
26-Aug-22,361,,,,,20,,88,108,49387
27-Aug-22,502,,,,,23,,129,134,49521
28-Aug-22,523,,,,,149,,139,113,49634
29-Aug-22,596,,,,,87,,139,138,49772
30-Aug-22,517,,,,,120,,139,109,49881
31-Aug-22,522,,,,,114,,157,101,49982
1-Sep-22,556,,,,,277,,118,143,50125
2-Sep-22,380,,,,,26,,89,88,50213
3-Sep-22,495,,,,,37,,134,129,50342
4-Sep-22,588,,,,,145,,183,139,50481
5-Sep-22,565,,,,,88,,145,139,50620
6-Sep-22,634,,,,,78,,172,139,50759
7-Sep-22,498,,,,,86,,148,157,50916
8-Sep-22,517,,,,,187,,165,118,51034
9-Sep-22,417,,,,,21,,116,89,51123
10-Sep-22,565,,,,,9,,185,134,51257
11-Sep-22,780,,,,,138,,238,183,51440
12-Sep-22,701,,,,,90,,236,145,51585
13-Sep-22,709,,,,,46,,192,172,51757
14-Sep-22,687,,,,,67,,189,148,51905
15-Sep-22,673,,,,,225,,183,165,52070
16-Sep-22,432,,,,,14,,154,116,52186
17-Sep-22,687,,,,,13,,212,185,52371
18-Sep-22,775,,,,,103,,248,238,52609
19-Sep-22,743,,,,,94,,247,236,52845
20-Sep-22,760,,,,,64,,244,192,53037
21-Sep-22,715,,,,,65,,225,189,53226
22-Sep-22,595,,,,,183,,185,183,53409
23-Sep-22,417,,,,,10,,149,154,53563
24-Sep-22,714,,,,,14,,244,212,53775
25-Sep-22,786,,,,,75,,292,248,54023
26-Sep-22,696,,,,,74,,217,247,54270
27-Sep-22,676,,,,,62,,273,244,54514
28-Sep-22,693,,,,,90,,202,225,54739
29-Sep-22,612,,,,,170,,204,185,54924
30-Sep-22,411,,,,,12,,154,149,55073
1-Oct-22,697,,,,,8,,219,244,55317
2-Oct-22,625,,,,,89,,269,292,55609
